dose, numSimulated, runtime, total electrons, total elastic, single elastic, productive
 30.515406, 100000, 66.834843, 640000000.000000, 1174000000.000000, 215000000.000000, 0.000000
