beam_en, numSimulated, dose, gosDose, avgDist
 300.000000, 10000, 37.174067, 27.128694, 99.770631
