dose, total_el, single_el, productive_el
 43.526795, 33236300.054162, 16887240.030219, 2461796.189071
