dose, total_el, single_el, productive_el
 49.807847, 256376237.445261, 69472610.939616, 1476387.835917
