dose, numSimulated, runtime, total electrons, total elastic, single elastic, productive
 346.629184, 100000, 20.254727, 40000000.000000, 2764470000.000000, 17030000.000000, 60000.000000
