dose, numSimulated, runtime, total electrons, total elastic, single elastic, productive
 33.911355, 10000, 2.547753, 490873.852123, 30139.654520, 28225.246497, 23316.507976
